name,group
콜드프레쉬,뷰즈
퍼플프레쉬,뷰즈
그린스파크,뷰즈
펄프레쉬,뷰즈
루비스파크,뷰즈
트로피컬믹스,뷰즈
바이올렛스파크,뷰즈
레인보우믹스,뷰즈
보라보라클릭,네오 하이퍼용
썬키스클릭,네오 하이퍼용
퍼플부스트,네오 하이퍼용
샤인부스트,네오 하이퍼용
부스트,네오 하이퍼용
쥬시부스트,네오 하이퍼용
토바코스위치,네오 하이퍼용
다크토바코,네오 하이퍼용
프레스코,네오 하이퍼용
트로피컬부스트,네오 하이퍼용
6mg,던힐
3mg,던힐
1mg,던힐
프로스트,던힐
파인컷수프림,던힐
파인컷1mg,던힐
파인컷울트라,던힐
파인컷프로스트,던힐
아이스스톰5,메비우스
선셋비치,메비우스
MAX옐로우,메비우스
스파클링듀,메비우스
아이스피즈,메비우스
시트로웨이브,메비우스
아이스바나,메비우스
오리지널,메비우스
스카이블루(롱스),메비우스
스카이블루,메비우스
스카이블루(팩),메비우스
윈드블루,메비우스
LSS윈드블루,메비우스
LSS원,메비우스
퍼플6,메비우스
LBS옐로우3,메비우스
LBS옐로우,메비우스
LBS옐로우수퍼슬림,메비우스
트로피컬믹스3,메비우스
믹스그린1,메비우스
E-스타일6,메비우스
E-스타일3,메비우스
카멜필터8mg,메비우스
카멜블루5mg,메비우스
카메오,리얼
써니스트,리얼
브린,믹스
클래시,믹스
업투,믹스
아이션,믹스
오라썸,믹스
프렌치,믹스
콤보,믹스
아이스뱅,믹스
아이스,믹스
블루썸,믹스
믹스,믹스
아이스더블,믹스
체인지유니크,핏
체인지업,핏
체인지,핏
스파키,핏
쿨샷,핏
아이시스트,핏
아이싱,핏
체인지큐,핏
그래뉼라아이스노우,에임
그래뉼라아이스,에임
그래뉼라아이스러시,에임
그래뉼라트와이스,에임
리얼레귤러,에임
리얼아이스,에임
그래뉼라레귤러,에임
리얼아이스피크,에임
베이퍼스틱탱고,에임
베이퍼스틱트로피,에임
리얼시가리쉬,에임
보나썸,믹스
골든리프,에쎄
골든리프1,에쎄
골든리프0.5,에쎄
스페셜골드,에쎄
스페셜골드1,에쎄
스페셜골드0.5,에쎄
클라우드9,에쎄
클라우드9 1mg,에쎄
센스1,에쎄
클래식,에쎄
아이스1,에쎄
프레쏘,에쎄
프라임,에쎄
원,에쎄
수,에쎄
수0.5,에쎄
수0.1,에쎄
프렌치ICE블랑,레종
프렌치블랙,레종
프렌치요고,레종
휘바,레종
썬프레쏘,레종
프렌치썸,레종
이오니아그린,레종
이오니아핑크,레종
한라산,기타
라일락,기타
심플클래식,기타
심플에이스1,기타
아이스볼트GT,기타
시즌,기타
타임미드,기타
디스,기타
디스플러스,기타
히말라야윈터,에쎄
체인지슈팅레드,에쎄
체인지그램,에쎄
체인지린,에쎄
이오니아퍼플,레종
엣지1,에쎄
이츠딥브라운,에쎄
체인지빙,에쎄
체인지W,에쎄
체인지업,에쎄
체인지프로즌,에쎄
체인지히말라야1mg,에쎄
체인지4,에쎄
체인지,에쎄
시가카리브,보헴
시가리브레,보헴
시가No.6,보헴
시가No.3,보헴
시가NO.1,보헴
시가미니5,보헴
시가미니1,보헴
쿠바나샷,보헴
쿠바나더블,보헴
블랙,레종
블루,레종
리치블루,다비도프
클래식,다비도프
시가마스터,다비도프
파이프스코티,다비도프
파이프브리튼,다비도프
시가아이스핏,다비도프
슬림핏브라운,다비도프
블루,더원
오렌지,더원
화이트,더원
임팩트,더원
체인지,더원
휘바ICE툰드라,레종
룰라,아프리카
몰라,아프리카
아이스잭,아프리카
러셋,테리아
티크,테리아
엠버,테리아
실버,테리아
스탈링펄,테리아
아버펄,테리아
오아시스펄,테리아
썬펄,테리아
블랙그린,테리아
블루,테리아
그린,테리아
블랙옐로우,테리아
그린징,테리아
퍼플웨이브,테리아
블랙퍼플,테리아
블랙루비,테리아
썸머웨이브,테리아
유젠,테리아
골드,센티아
실버,센티아
퍼플,센티아
그린,센티아
레드,말보로
미디엄,말보로
골드,말보로
실버,말보로
비스타,말보로
비스타썸머,말보로
비스타가든수퍼슬림,말보로
비스타포레스트수퍼슬림,말보로
하이브리드5,말보로
하이브리드1,말보로
아이스블라스트,말보로
아이스블라스트원,말보로
화이트후레쉬,말보로
블랙후레쉬,말보로
비스타블러썸수퍼슬림,말보로
비스타트로피컬,말보로
아쿠아5,필리아멘트
아쿠아3,필리아멘트
원,필리아멘트
하이브리드5,필리아멘트
하이브리드,필리아멘트
하모니,필리아멘트
슬림골드,버지니아 S
슬림원,버지니아 S
